"0","library(tidyverse) #include dplyr, ggplot2, ..."
"2","G2;H2;Warningh: package â€˜tidyverseâ€™ was built under R version 4.5.1g
"
"2","G2;H2;Warningh: package â€˜readrâ€™ was built under R version 4.5.1g
"
"2","â”€â”€ [1mAttaching core tidyverse packages[22m â”€â”€â”€â”€â”€â”€â”€â”€â”€â”€â”€â”€â”€â”€â”€â”€â”€â”€â”€â”€â”€â”€â”€â”€â”€â”€â”€â”€â”€â”€â”€â”€â”€â”€â”€â”€â”€â”€â”€â”€â”€â”€â”€â”€â”€â”€â”€â”€â”€â”€â”€â”€â”€â”€â”€â”€â”€â”€â”€â”€â”€â”€â”€â”€â”€ tidyverse 2.0.0 â”€â”€
[32mâœ”[39m [34mdplyr    [39m 1.1.4     [32mâœ”[39m [34mreadr    [39m 2.1.5
[32mâœ”[39m [34mforcats  [39m 1.0.0     [32mâœ”[39m [34mstringr  [39m 1.5.1
[32mâœ”[39m [34mggplot2  [39m 3.5.2     [32mâœ”[39m [34mtibble   [39m 3.2.1
[32mâœ”[39m [34mlubridate[39m 1.9.4     [32mâœ”[39m [34mtidyr    [39m 1.3.1
[32mâœ”[39m [34mpurrr    [39m 1.0.4     
"
"2","â”€â”€ [1mConflicts[22m â”€â”€â”€â”€â”€â”€â”€â”€â”€â”€â”€â”€â”€â”€â”€â”€â”€â”€â”€â”€â”€â”€â”€â”€â”€â”€â”€â”€â”€â”€â”€â”€â”€â”€â”€â”€â”€â”€â”€â”€â”€â”€â”€â”€â”€â”€â”€â”€â”€â”€â”€â”€â”€â”€â”€â”€â”€â”€â”€â”€â”€â”€â”€â”€â”€â”€â”€â”€â”€â”€â”€â”€â”€â”€â”€â”€â”€â”€â”€â”€â”€â”€â”€ tidyverse_conflicts() â”€â”€
[31mâœ–[39m [34mdplyr[39m::[32mfilter()[39m masks [34mstats[39m::filter()
[31mâœ–[39m [34mdplyr[39m::[32mlag()[39m    masks [34mstats[39m::lag()
[36mâ„¹[39m Use the ]8;;http://conflicted.r-lib.org/conflicted package]8;; to force all conflicts to become errors
"
"0","library(readr)"
"0","library(imputeTS) #Time-series missing data imputation"
"2","G2;H2;Warningh: package â€˜imputeTSâ€™ was built under R version 4.5.1g
"
"2","G3;Registered S3 method overwritten by 'quantmod':
  method            from
  as.zoo.data.frame zoo 
g"
"0","library(naniar) #help us to summarise and visualize missing data"
"2","G2;H2;Warningh: package â€˜naniarâ€™ was built under R version 4.5.1g
"
"0","library(dplyr)"
"0","library(Hmisc)"
"2","G3;Registered S3 method overwritten by 'htmlwidgets':
  method           from         
  print.htmlwidget tools:rstudio
g"
"2","G3;Registered S3 method overwritten by 'data.table':
  method           from
  print.data.table     
g"
"2","G3;
Attaching package: â€˜Hmiscâ€™

g"
"2","G3;The following objects are masked from â€˜package:dplyrâ€™:

    src, summarize

g"
"2","G3;The following objects are masked from â€˜package:baseâ€™:

    format.pval, units

g"
"0","library(skimr)"
"2","G3;
Attaching package: â€˜skimrâ€™

g"
"2","G3;The following object is masked from â€˜package:naniarâ€™:

    n_complete

g"
"0","library(VIM) #Visualization and Imputation of Missing values: kNN(), aggr(), matrixplot()"
"2","G2;H2;Warningh: package â€˜VIMâ€™ was built under R version 4.5.1g
"
"2","G3;Loading required package: colorspace
g"
"2","G3;Loading required package: grid
g"
"2","G3;VIM is ready to use.

g"
"2","G3;Suggestions and bug-reports can be submitted at: https://github.com/statistikat/VIM/issues
g"
"2","G3;
Attaching package: â€˜VIMâ€™

g"
"2","G3;The following object is masked from â€˜package:datasetsâ€™:

    sleep

g"
"0","library(recipes)"
"2","G2;H2;Warningh: package â€˜recipesâ€™ was built under R version 4.5.1g
"
"2","G3;
Attaching package: â€˜recipesâ€™

g"
"2","G3;The following object is masked from â€˜package:VIMâ€™:

    prepare

g"
"2","G3;The following object is masked from â€˜package:stringrâ€™:

    fixed

g"
"2","G3;The following object is masked from â€˜package:statsâ€™:

    step

g"
